<?xml version="1.0" encoding="utf-8" ?>
<dwsync>
<file name="16celmu.png" server="C:/apache-tomcat-7.0.35/webapps/celmun/" local="130029653680000000" remote="130029653680000000" />
<file name="cctd.gif" server="C:/apache-tomcat-7.0.35/webapps/celmun/" local="130031987300000000" remote="130031987300000000" />
<file name="cctd.png" server="C:/apache-tomcat-7.0.35/webapps/celmun/" local="130031335600000000" remote="130031335600000000" />
<file name="cds.gif" server="C:/apache-tomcat-7.0.35/webapps/celmun/" local="130031822540000000" remote="130031822540000000" />
<file name="cds.png" server="C:/apache-tomcat-7.0.35/webapps/celmun/" local="130031340500000000" remote="130031340500000000" />
<file name="comisiones.html" server="C:/apache-tomcat-7.0.35/webapps/celmun/" local="130041475400000000" remote="130041475400000000" />
<file name="index.html" server="C:/apache-tomcat-7.0.35/webapps/celmun/" local="130053784353160327" remote="130053784350000000" />
<file name="oecd.gif" server="C:/apache-tomcat-7.0.35/webapps/celmun/" local="130040679200000000" remote="130040679200000000" />
<file name="oecd.html" server="C:/apache-tomcat-7.0.35/webapps/celmun/" local="130041555880000000" remote="130041555880000000" />
<file name="sc.gif" server="C:/apache-tomcat-7.0.35/webapps/celmun/" local="130040679100000000" remote="130040679100000000" />
<file name="sc.png" server="C:/apache-tomcat-7.0.35/webapps/celmun/" local="130031335480000000" remote="130031335480000000" />
<file name="sede.html" server="C:/apache-tomcat-7.0.35/webapps/celmun/" local="130040752480000000" remote="130040752480000000" />
<file name="style.css" server="C:/apache-tomcat-7.0.35/webapps/celmun/" local="130052413479061558" remote="130052413470000000" />
<file name="top1.gif" server="C:/apache-tomcat-7.0.35/webapps/celmun/" local="130029649140000000" remote="130029649140000000" />
<file name="top1.png" server="C:/apache-tomcat-7.0.35/webapps/celmun/" local="130072498615787287" remote="130072498610000000" />
<file name="unesco.gif" server="C:/apache-tomcat-7.0.35/webapps/celmun/" local="130031824540000000" remote="130031824540000000" />
<file name="unesco.html" server="C:/apache-tomcat-7.0.35/webapps/celmun/" local="130052375911396809" remote="130052375910000000" />
<file name="unesco.png" server="C:/apache-tomcat-7.0.35/webapps/celmun/" local="130031338060000000" remote="130031338060000000" />
<file name="agenda.html" server="C:/apache-tomcat-7.0.35/webapps/celmun/" local="130052386932137159" remote="130052386930000000" />
<file name="cctd.html" server="C:/apache-tomcat-7.0.35/webapps/celmun/" local="130052423816672836" remote="130052423810000000" />
<file name="cds.html" server="C:/apache-tomcat-7.0.35/webapps/celmun/" local="130052373563022490" remote="130052373560000000" />
<file name="contacto.html" server="C:/apache-tomcat-7.0.35/webapps/celmun/" local="130053799874448094" remote="130053799870000000" />
<file name="horario.pdf" server="C:/apache-tomcat-7.0.35/webapps/celmun/" local="130052384452445329" remote="130052384450000000" />
<file name="registro.html" server="C:/apache-tomcat-7.0.35/webapps/celmun/" local="130052423001356202" remote="130052423000000000" />
<file name="reglamento.html" server="C:/apache-tomcat-7.0.35/webapps/celmun/" local="130052390375944134" remote="130052390370000000" />
<file name="sc.html" server="C:/apache-tomcat-7.0.35/webapps/celmun/" local="130052362147783094" remote="130052362140000000" />
</dwsync>