<?xml version="1.0" encoding="utf-8" ?>
<dwsync>
<file name="16celmun-b.png" server="C:/apache-tomcat-7.0.35/webapps/celmun/" local="130031308420000000" remote="130031308420000000" />
<file name="cctd-v.png" server="C:/apache-tomcat-7.0.35/webapps/celmun/" local="130031993360000000" remote="130031993360000000" />
<file name="cds-v.png" server="C:/apache-tomcat-7.0.35/webapps/celmun/" local="130031993520000000" remote="130031993520000000" />
<file name="celmun-v.png" server="C:/apache-tomcat-7.0.35/webapps/celmun/" local="130031308200000000" remote="130031308200000000" />
<file name="oecd-v.png" server="C:/apache-tomcat-7.0.35/webapps/celmun/" local="130040682340000000" remote="130040682340000000" />
<file name="sc-v.png" server="C:/apache-tomcat-7.0.35/webapps/celmun/" local="130040682340000000" remote="130040682340000000" />
<file name="un-v.png" server="C:/apache-tomcat-7.0.35/webapps/celmun/" local="130031337820000000" remote="130031337820000000" />
<file name="unesco-v.png" server="C:/apache-tomcat-7.0.35/webapps/celmun/" local="130031993620000000" remote="130031993620000000" />
<file name="16-celmun-pub.png" server="C:/apache-tomcat-7.0.35/webapps/celmun/" local="130070962950000000" remote="130070962950000000" />
</dwsync>